--------------------------------------------------------
--  File created - viernes-julio-26-2024   
--------------------------------------------------------
--------------------------------------------------------
--  DDL for Table CATEGORIA
--------------------------------------------------------

  CREATE TABLE "USUARIODONDEPAPA"."CATEGORIA" SHARING=METADATA 
   (	"ID_CATEGORIA" NUMBER GENERATED BY DEFAULT AS IDENTITY MINVALUE 1 MAXVALUE 9999999999999999999999999999 INCREMENT BY 1 START WITH 1 CACHE 20 NOORDER  NOCYCLE  NOKEEP  NOSCALE , 
	"DESCRIPCION" VARCHAR2(255 BYTE), 
	"DISPONIBLE" NUMBER(1,0), 
	"RUTA_IMAGEN" VARCHAR2(255 CHAR)
   ) SEGMENT CREATION IMMEDIATE 
  PCTFREE 10 PCTUSED 40 INITRANS 1 MAXTRANS 255 
 NOCOMPRESS LOGGING
  STORAGE(INITIAL 65536 NEXT 1048576 MINEXTENTS 1 MAXEXTENTS 2147483645
  PCTINCREASE 0 FREELISTS 1 FREELIST GROUPS 1
  BUFFER_POOL DEFAULT FLASH_CACHE DEFAULT CELL_FLASH_CACHE DEFAULT)
  TABLESPACE "USERS" ;
--------------------------------------------------------
--  DDL for Table FACTURA
--------------------------------------------------------

  CREATE TABLE "USUARIODONDEPAPA"."FACTURA" 
   (	"ID_FACTURA" NUMBER GENERATED BY DEFAULT AS IDENTITY MINVALUE 1 MAXVALUE 9999999999999999999999999999 INCREMENT BY 1 START WITH 1 CACHE 20 NOORDER  NOCYCLE  NOKEEP  NOSCALE , 
	"ID_USUARIO" NUMBER, 
	"FECHA" TIMESTAMP (6), 
	"TOTAL" FLOAT(60), 
	"ESTADO" NUMBER
   ) SEGMENT CREATION IMMEDIATE 
  PCTFREE 10 PCTUSED 40 INITRANS 1 MAXTRANS 255 
 NOCOMPRESS LOGGING
  STORAGE(INITIAL 65536 NEXT 1048576 MINEXTENTS 1 MAXEXTENTS 2147483645
  PCTINCREASE 0 FREELISTS 1 FREELIST GROUPS 1
  BUFFER_POOL DEFAULT FLASH_CACHE DEFAULT CELL_FLASH_CACHE DEFAULT)
  TABLESPACE "USERS" ;
--------------------------------------------------------
--  DDL for Table PLATO
--------------------------------------------------------

  CREATE TABLE "USUARIODONDEPAPA"."PLATO" SHARING=METADATA 
   (	"ID_PLATO" NUMBER GENERATED BY DEFAULT AS IDENTITY MINVALUE 1 MAXVALUE 9999999999999999999999999999 INCREMENT BY 1 START WITH 1 CACHE 20 NOORDER  NOCYCLE  NOKEEP  NOSCALE , 
	"ID_CATEGORIA" NUMBER, 
	"DESCRIPCION" VARCHAR2(255 BYTE), 
	"DETALLE" VARCHAR2(255 CHAR), 
	"PRECIO" NUMBER, 
	"EXISTENCIAS" NUMBER, 
	"RUTA_IMAGEN" VARCHAR2(1024 BYTE), 
	"DISPONIBLE" NUMBER(1,0)
   ) SEGMENT CREATION IMMEDIATE 
  PCTFREE 10 PCTUSED 40 INITRANS 1 MAXTRANS 255 
 NOCOMPRESS LOGGING
  STORAGE(INITIAL 65536 NEXT 1048576 MINEXTENTS 1 MAXEXTENTS 2147483645
  PCTINCREASE 0 FREELISTS 1 FREELIST GROUPS 1
  BUFFER_POOL DEFAULT FLASH_CACHE DEFAULT CELL_FLASH_CACHE DEFAULT)
  TABLESPACE "USERS" ;
--------------------------------------------------------
--  DDL for Table RESERVACION
--------------------------------------------------------

  CREATE TABLE "USUARIODONDEPAPA"."RESERVACION" SHARING=METADATA 
   (	"ID_RESERVACION" NUMBER GENERATED BY DEFAULT AS IDENTITY MINVALUE 1 MAXVALUE 9999999999999999999999999999 INCREMENT BY 1 START WITH 1 CACHE 20 NOORDER  NOCYCLE  NOKEEP  NOSCALE , 
	"NOMBRE" VARCHAR2(255 BYTE), 
	"HORA" TIMESTAMP (6), 
	"NUMERO_DE_MESA" NUMBER, 
	"CONTACTO" VARCHAR2(255 BYTE)
   ) SEGMENT CREATION IMMEDIATE 
  PCTFREE 10 PCTUSED 40 INITRANS 1 MAXTRANS 255 
 NOCOMPRESS LOGGING
  STORAGE(INITIAL 65536 NEXT 1048576 MINEXTENTS 1 MAXEXTENTS 2147483645
  PCTINCREASE 0 FREELISTS 1 FREELIST GROUPS 1
  BUFFER_POOL DEFAULT FLASH_CACHE DEFAULT CELL_FLASH_CACHE DEFAULT)
  TABLESPACE "USERS" ;
--------------------------------------------------------
--  DDL for Table ROL
--------------------------------------------------------

  CREATE TABLE "USUARIODONDEPAPA"."ROL" SHARING=METADATA 
   (	"ID_ROL" NUMBER GENERATED BY DEFAULT AS IDENTITY MINVALUE 1 MAXVALUE 9999999999999999999999999999 INCREMENT BY 1 START WITH 1 CACHE 20 NOORDER  NOCYCLE  NOKEEP  NOSCALE , 
	"NOMBRE" VARCHAR2(255 CHAR), 
	"ID_USUARIO" NUMBER
   ) SEGMENT CREATION IMMEDIATE 
  PCTFREE 10 PCTUSED 40 INITRANS 1 MAXTRANS 255 
 NOCOMPRESS LOGGING
  STORAGE(INITIAL 65536 NEXT 1048576 MINEXTENTS 1 MAXEXTENTS 2147483645
  PCTINCREASE 0 FREELISTS 1 FREELIST GROUPS 1
  BUFFER_POOL DEFAULT FLASH_CACHE DEFAULT CELL_FLASH_CACHE DEFAULT)
  TABLESPACE "USERS" ;
--------------------------------------------------------
--  DDL for Table TRANSACCIONES
--------------------------------------------------------

  CREATE TABLE "USUARIODONDEPAPA"."TRANSACCIONES" SHARING=METADATA 
   (	"ID_TRANSACCION" NUMBER GENERATED BY DEFAULT AS IDENTITY MINVALUE 1 MAXVALUE 9999999999999999999999999999 INCREMENT BY 1 START WITH 1 CACHE 20 NOORDER  NOCYCLE  NOKEEP  NOSCALE , 
	"ID_USUARIO" NUMBER, 
	"TIPO" VARCHAR2(50 BYTE), 
	"MONTO" NUMBER(10,2), 
	"FECHA" DATE, 
	"DESCRIPCION" VARCHAR2(255 BYTE)
   ) SEGMENT CREATION DEFERRED 
  PCTFREE 10 PCTUSED 40 INITRANS 1 MAXTRANS 255 
 NOCOMPRESS LOGGING
  TABLESPACE "USERS" ;
--------------------------------------------------------
--  DDL for Table USUARIO
--------------------------------------------------------

  CREATE TABLE "USUARIODONDEPAPA"."USUARIO" SHARING=METADATA 
   (	"ID_USUARIO" NUMBER GENERATED BY DEFAULT AS IDENTITY MINVALUE 1 MAXVALUE 9999999999999999999999999999 INCREMENT BY 1 START WITH 1 CACHE 20 NOORDER  NOCYCLE  NOKEEP  NOSCALE , 
	"USERNAME" VARCHAR2(255 CHAR), 
	"PASSWORD" VARCHAR2(255 CHAR), 
	"NOMBRE" VARCHAR2(255 CHAR), 
	"APELLIDOS" VARCHAR2(255 CHAR), 
	"CORREO" VARCHAR2(255 CHAR), 
	"TELEFONO" VARCHAR2(255 CHAR), 
	"RUTA_IMAGEN" VARCHAR2(255 CHAR), 
	"ACTIVO" NUMBER(1,0)
   ) SEGMENT CREATION IMMEDIATE 
  PCTFREE 10 PCTUSED 40 INITRANS 1 MAXTRANS 255 
 NOCOMPRESS LOGGING
  STORAGE(INITIAL 65536 NEXT 1048576 MINEXTENTS 1 MAXEXTENTS 2147483645
  PCTINCREASE 0 FREELISTS 1 FREELIST GROUPS 1
  BUFFER_POOL DEFAULT FLASH_CACHE DEFAULT CELL_FLASH_CACHE DEFAULT)
  TABLESPACE "USERS" ;
--------------------------------------------------------
--  DDL for Table VENTA
--------------------------------------------------------

  CREATE TABLE "USUARIODONDEPAPA"."VENTA" 
   (	"ID_VENTA" NUMBER GENERATED BY DEFAULT AS IDENTITY MINVALUE 1 MAXVALUE 9999999999999999999999999999 INCREMENT BY 1 START WITH 1 CACHE 20 NOORDER  NOCYCLE  NOKEEP  NOSCALE , 
	"ID_FACTURA" NUMBER, 
	"ID_PLATO" NUMBER, 
	"PRECIO" NUMBER, 
	"CANTIDAD" NUMBER
   ) SEGMENT CREATION IMMEDIATE 
  PCTFREE 10 PCTUSED 40 INITRANS 1 MAXTRANS 255 
 NOCOMPRESS LOGGING
  STORAGE(INITIAL 65536 NEXT 1048576 MINEXTENTS 1 MAXEXTENTS 2147483645
  PCTINCREASE 0 FREELISTS 1 FREELIST GROUPS 1
  BUFFER_POOL DEFAULT FLASH_CACHE DEFAULT CELL_FLASH_CACHE DEFAULT)
  TABLESPACE "USERS" ;
REM INSERTING into USUARIODONDEPAPA.CATEGORIA
SET DEFINE OFF;
Insert into USUARIODONDEPAPA.CATEGORIA (ID_CATEGORIA,DESCRIPCION,DISPONIBLE,RUTA_IMAGEN) values (1,'Sándwiches',1,'https://i.blogs.es/1cbc97/collage_sanwich/1366_2000.jpg');
Insert into USUARIODONDEPAPA.CATEGORIA (ID_CATEGORIA,DESCRIPCION,DISPONIBLE,RUTA_IMAGEN) values (2,'Sopas',1,'https://i.blogs.es/4f9a7f/collage-seis-fotos-portada-dap/650_1200.jpg');
Insert into USUARIODONDEPAPA.CATEGORIA (ID_CATEGORIA,DESCRIPCION,DISPONIBLE,RUTA_IMAGEN) values (3,'Wraps',1,'https://www.gourmet.cl/wp-content/uploads/2016/09/wrap-de-pollo.jpg-editada.jpg');
Insert into USUARIODONDEPAPA.CATEGORIA (ID_CATEGORIA,DESCRIPCION,DISPONIBLE,RUTA_IMAGEN) values (4,'Quesadillas',1,'https://www.lechedeflorida.com/core/fileparse.php/267/urlt/BBQ-PORK-QUESADILLA-web.png');
Insert into USUARIODONDEPAPA.CATEGORIA (ID_CATEGORIA,DESCRIPCION,DISPONIBLE,RUTA_IMAGEN) values (5,'Ticos',1,'https://i.ytimg.com/vi/VCIc5JO_6pQ/maxresdefault.jpg');
Insert into USUARIODONDEPAPA.CATEGORIA (ID_CATEGORIA,DESCRIPCION,DISPONIBLE,RUTA_IMAGEN) values (6,'Arroz',1,'https://www.ecestaticos.com/image/clipping/1440/1080/c45466fb9f76baa6eebf80a4194592d7/los-trucos-para-que-te-quede-el-arroz-perfecto.jpg');
Insert into USUARIODONDEPAPA.CATEGORIA (ID_CATEGORIA,DESCRIPCION,DISPONIBLE,RUTA_IMAGEN) values (7,'Mariscos',1,'https://www.eluniversal.com.mx/resizer/04M0CFm2P8H_U3CdE4co_RWqRkQ=/1100x666/cloudfront-us-east-1.images.arcpublishing.com/eluniversal/PEKLULINHNCMHM3DVNV6ORRI5M.jpg');
Insert into USUARIODONDEPAPA.CATEGORIA (ID_CATEGORIA,DESCRIPCION,DISPONIBLE,RUTA_IMAGEN) values (8,'Pastas',1,'https://casadiromavlc.com/wp-content/uploads/2019/08/tipos-de-pastas-y-salsas-cover-1080x675.jpg');
Insert into USUARIODONDEPAPA.CATEGORIA (ID_CATEGORIA,DESCRIPCION,DISPONIBLE,RUTA_IMAGEN) values (9,'Pollos',1,'https://s1.eestatic.com/2015/06/10/cocinillas/cocinillas_40006005_116187701_1706x960.jpg');
Insert into USUARIODONDEPAPA.CATEGORIA (ID_CATEGORIA,DESCRIPCION,DISPONIBLE,RUTA_IMAGEN) values (10,'Hamburguesas',1,'https://cdn2.cocinadelirante.com/sites/default/files/images/2023/08/recetas-de-hamburguesas-caseras.jpg');
Insert into USUARIODONDEPAPA.CATEGORIA (ID_CATEGORIA,DESCRIPCION,DISPONIBLE,RUTA_IMAGEN) values (11,'Carnes',1,'https://img.freepik.com/foto-gratis/carne-cruda-mesa_23-2150857912.jpg');
Insert into USUARIODONDEPAPA.CATEGORIA (ID_CATEGORIA,DESCRIPCION,DISPONIBLE,RUTA_IMAGEN) values (12,'Guarniciones',1,'https://static.bonviveur.es/tags/las-mejores-recetas-de-guarniciones.jpg');
Insert into USUARIODONDEPAPA.CATEGORIA (ID_CATEGORIA,DESCRIPCION,DISPONIBLE,RUTA_IMAGEN) values (13,'Especial',1,'https://previews.123rf.com/images/acceptphoto/acceptphoto1703/acceptphoto170300049/73290879-variedad-de-platos-especiales-en-peque%C3%B1as-placas-blancas.jpg');
Insert into USUARIODONDEPAPA.CATEGORIA (ID_CATEGORIA,DESCRIPCION,DISPONIBLE,RUTA_IMAGEN) values (14,'Para Picar',1,'https://hips.hearstapps.com/hmg-prod/images/huevos-rellenos-de-hummus-1552479730.jpg');
Insert into USUARIODONDEPAPA.CATEGORIA (ID_CATEGORIA,DESCRIPCION,DISPONIBLE,RUTA_IMAGEN) values (15,'Bocas del mar',1,'https://www.bocasdelmar.com/wp-content/uploads/2019/01/eatandrink2.jpg');
Insert into USUARIODONDEPAPA.CATEGORIA (ID_CATEGORIA,DESCRIPCION,DISPONIBLE,RUTA_IMAGEN) values (16,'tacos gallos',1,'https://www.cocinatis.com/archivos/202207/tacos-mexicanos-con-pico-gallo_large_16x9.jpg');
Insert into USUARIODONDEPAPA.CATEGORIA (ID_CATEGORIA,DESCRIPCION,DISPONIBLE,RUTA_IMAGEN) values (17,'Bocas y tierra tica',1,'https://media-cdn.tripadvisor.com/media/photo-s/1b/4e/54/49/plato-de-bocas-surtido.jpg');
Insert into USUARIODONDEPAPA.CATEGORIA (ID_CATEGORIA,DESCRIPCION,DISPONIBLE,RUTA_IMAGEN) values (18,'Bocas clasicas',1,'https://enbocacr.com/wp-content/uploads/2023/06/platos-enboca-2023-1.jpg');
Insert into USUARIODONDEPAPA.CATEGORIA (ID_CATEGORIA,DESCRIPCION,DISPONIBLE,RUTA_IMAGEN) values (19,'Bebidas Donde Papá',1,'https://aprende.com/wp-content/uploads/2022/10/bebidas-naturales.jpg');
Insert into USUARIODONDEPAPA.CATEGORIA (ID_CATEGORIA,DESCRIPCION,DISPONIBLE,RUTA_IMAGEN) values (20,'Licores',1,'https://thefoodtech.com/wp-content/uploads/2020/05/productos-diaego.jpg');
Insert into USUARIODONDEPAPA.CATEGORIA (ID_CATEGORIA,DESCRIPCION,DISPONIBLE,RUTA_IMAGEN) values (21,'Postres',1,'https://i.blogs.es/1c733d/postres/1366_2000.jpg');
REM INSERTING into USUARIODONDEPAPA.FACTURA
SET DEFINE OFF;
Insert into USUARIODONDEPAPA.FACTURA (ID_FACTURA,ID_USUARIO,FECHA,TOTAL,ESTADO) values (1,1,to_timestamp('05-JAN-24 12.00.00.000000000 AM','DD-MON-RR HH.MI.SSXFF AM'),211560,2);
Insert into USUARIODONDEPAPA.FACTURA (ID_FACTURA,ID_USUARIO,FECHA,TOTAL,ESTADO) values (2,2,to_timestamp('07-JAN-24 12.00.00.000000000 AM','DD-MON-RR HH.MI.SSXFF AM'),554340,2);
Insert into USUARIODONDEPAPA.FACTURA (ID_FACTURA,ID_USUARIO,FECHA,TOTAL,ESTADO) values (3,3,to_timestamp('07-JAN-24 12.00.00.000000000 AM','DD-MON-RR HH.MI.SSXFF AM'),871000,2);
Insert into USUARIODONDEPAPA.FACTURA (ID_FACTURA,ID_USUARIO,FECHA,TOTAL,ESTADO) values (4,1,to_timestamp('15-JAN-24 12.00.00.000000000 AM','DD-MON-RR HH.MI.SSXFF AM'),244140,1);
Insert into USUARIODONDEPAPA.FACTURA (ID_FACTURA,ID_USUARIO,FECHA,TOTAL,ESTADO) values (5,2,to_timestamp('17-JAN-24 12.00.00.000000000 AM','DD-MON-RR HH.MI.SSXFF AM'),414800,1);
Insert into USUARIODONDEPAPA.FACTURA (ID_FACTURA,ID_USUARIO,FECHA,TOTAL,ESTADO) values (6,3,to_timestamp('21-JAN-24 12.00.00.000000000 AM','DD-MON-RR HH.MI.SSXFF AM'),420000,1);
REM INSERTING into USUARIODONDEPAPA.PLATO
SET DEFINE OFF;
Insert into USUARIODONDEPAPA.PLATO (ID_PLATO,ID_CATEGORIA,DESCRIPCION,DETALLE,PRECIO,EXISTENCIAS,RUTA_IMAGEN,DISPONIBLE) values (1,1,'Ensalada César','Con quesito parmesano y cuadritos de pan tostado con nuestro pollo grill.',4500,10,'https://www.gourmet.cl/wp-content/uploads/2016/09/Ensalada_C%C3%A9sar-web-553x458.jpg',1);
Insert into USUARIODONDEPAPA.PLATO (ID_PLATO,ID_CATEGORIA,DESCRIPCION,DETALLE,PRECIO,EXISTENCIAS,RUTA_IMAGEN,DISPONIBLE) values (2,1,'Ensalada Caprese','Ensalada italiana de san pelegrino resaltada por rodajas de tomate y el sabor de la albahaca fresca.',4500,10,'https://i.blogs.es/5ca73e/ensalada-caprese-rehacer-pakus-dap/1366_2000.jpg',1);
Insert into USUARIODONDEPAPA.PLATO (ID_PLATO,ID_CATEGORIA,DESCRIPCION,DETALLE,PRECIO,EXISTENCIAS,RUTA_IMAGEN,DISPONIBLE) values (3,1,'Ensalada Pescado','Ensalada con cuadritos de pan tostado con nuestro empanizado, al ajillo o grill',4500,10,'https://www.recetasnestle.com.do/sites/default/files/srh_recipes/47b45c7192d1d88acff53e7064202d4f.jpg',1);
Insert into USUARIODONDEPAPA.PLATO (ID_PLATO,ID_CATEGORIA,DESCRIPCION,DETALLE,PRECIO,EXISTENCIAS,RUTA_IMAGEN,DISPONIBLE) values (4,2,'Sándwich de Pollo','Con pan ciabatta, nuestro sándwich de pollo, lechuga, tomate y deliciosas salsa clásicas',3700,10,'https://images.aws.nestle.recipes/original/0dcdbe631b092077fd7e411236c4b06d_sandwich_de_pollo_a_las_finas_hierbas_-_mx_ponte_bien.jpg',1);
Insert into USUARIODONDEPAPA.PLATO (ID_PLATO,ID_CATEGORIA,DESCRIPCION,DETALLE,PRECIO,EXISTENCIAS,RUTA_IMAGEN,DISPONIBLE) values (5,2,'Sándwich de Jamón y Queso','Deliciosa crepa de pollo en su salsa blanca',3200,10,'https://www.comedera.com/wp-content/uploads/2021/03/sandwich-de-jamon-y-queso.jpg',1);
Insert into USUARIODONDEPAPA.PLATO (ID_PLATO,ID_CATEGORIA,DESCRIPCION,DETALLE,PRECIO,EXISTENCIAS,RUTA_IMAGEN,DISPONIBLE) values (6,2,'Sándwich de Carne','Con pan ciabatta, nuestro sándwich de jamón y queso, lechuga, tomate y deliciosas salsa clásicas.',4000,10,'https://www.gourmet.cl/wp-content/uploads/2016/05/Sandwich-de-Carne-Mechada-con-cebolla-caramelizada-y-tomates-asados.jpg',1);
Insert into USUARIODONDEPAPA.PLATO (ID_PLATO,ID_CATEGORIA,DESCRIPCION,DETALLE,PRECIO,EXISTENCIAS,RUTA_IMAGEN,DISPONIBLE) values (7,3,'Sopa Azteca','La sopa de tomate por excelencia traída directo de México por papá.',4000,10,'https://cdn0.recetasgratis.net/es/posts/6/0/5/sopa_azteca_35506_600_square.jpg',1);
Insert into USUARIODONDEPAPA.PLATO (ID_PLATO,ID_CATEGORIA,DESCRIPCION,DETALLE,PRECIO,EXISTENCIAS,RUTA_IMAGEN,DISPONIBLE) values (8,3,'Sopa de Mariscos','Compuesta por mariscos frescos, y el toque esencial de papá.',4500,10,'https://www.comedera.com/wp-content/uploads/2018/03/sopa-de-marisco.jpg',1);
Insert into USUARIODONDEPAPA.PLATO (ID_PLATO,ID_CATEGORIA,DESCRIPCION,DETALLE,PRECIO,EXISTENCIAS,RUTA_IMAGEN,DISPONIBLE) values (9,3,'Sopa de Pollo','Para sacarnos de cualquier apuro, la sopa curativa clásica.',3300,10,'https://especiasmontero.com/wp-content/uploads/2018/02/CaldoDePollo-1.jpg',1);
Insert into USUARIODONDEPAPA.PLATO (ID_PLATO,ID_CATEGORIA,DESCRIPCION,DETALLE,PRECIO,EXISTENCIAS,RUTA_IMAGEN,DISPONIBLE) values (10,3,'Sopa de Rabo','Sacando lo mejor de los ingredientes traemos la sopa preferida de papá.',4000,10,'https://rumbameats.com/wp-content/uploads/2019/07/Hervido-de-_rabo-by-enrilemoine-7.jpg',1);
Insert into USUARIODONDEPAPA.PLATO (ID_PLATO,ID_CATEGORIA,DESCRIPCION,DETALLE,PRECIO,EXISTENCIAS,RUTA_IMAGEN,DISPONIBLE) values (11,3,'Sopa de Mondongo','Sopa tradicional de la tierra costarricense para un antojo de antaño.',3500,10,'https://recetasdemicolombia.com/wp-content/uploads/2020/08/mondongo-500x375.jpg',1);
Insert into USUARIODONDEPAPA.PLATO (ID_PLATO,ID_CATEGORIA,DESCRIPCION,DETALLE,PRECIO,EXISTENCIAS,RUTA_IMAGEN,DISPONIBLE) values (12,4,'Wrap de Pollo y Bacon','Wrap relleno de pollo empanizado, delicioso tocino y nuestra salsa mayonesa chipotle.',3500,10,'https://i.pinimg.com/736x/72/86/1b/72861baeaccca244bf2fee091a7dc675.jpg',1);
Insert into USUARIODONDEPAPA.PLATO (ID_PLATO,ID_CATEGORIA,DESCRIPCION,DETALLE,PRECIO,EXISTENCIAS,RUTA_IMAGEN,DISPONIBLE) values (13,4,'Wrap corvina','Wrap con pescado empanizado y nuestra clásica salsa tártara.',3500,10,'https://i.pinimg.com/736x/f5/f7/9a/f5f79aa520c59e342d7c08a8fe3e9174.jpg',1);
Insert into USUARIODONDEPAPA.PLATO (ID_PLATO,ID_CATEGORIA,DESCRIPCION,DETALLE,PRECIO,EXISTENCIAS,RUTA_IMAGEN,DISPONIBLE) values (14,5,'Quesadillia Crêpe','Deliciosa crepa de pollo en su sala blanca.',3500,10,'https://thasneen.com/cooking/wp-content/uploads/2017/06/Indian-style-Quesadilla.jpg',1);
Insert into USUARIODONDEPAPA.PLATO (ID_PLATO,ID_CATEGORIA,DESCRIPCION,DETALLE,PRECIO,EXISTENCIAS,RUTA_IMAGEN,DISPONIBLE) values (15,5,'Quesadillias de Pollo o Carne ','Con dos quesos, mozzarella y cheddar, disfrútalas como quieras!',3700,10,'https://i.ytimg.com/vi/7J5JqSOP-1s/maxresdefault.jpg',1);
Insert into USUARIODONDEPAPA.PLATO (ID_PLATO,ID_CATEGORIA,DESCRIPCION,DETALLE,PRECIO,EXISTENCIAS,RUTA_IMAGEN,DISPONIBLE) values (16,5,'Quesadillias mixtas ','Mezcla de los dos mundos, pollo y carne en uno solo.',4000,10,'https://assets.unileversolutions.com/recipes-v2/231998.jpg',1);
Insert into USUARIODONDEPAPA.PLATO (ID_PLATO,ID_CATEGORIA,DESCRIPCION,DETALLE,PRECIO,EXISTENCIAS,RUTA_IMAGEN,DISPONIBLE) values (17,6,'Casados','Clásico plato que todos los ticos reconocemos, salvador de tandas, escoge entre mechada, pescado, pollo, chuleta o bistec.',3500,10,'https://upload.wikimedia.org/wikipedia/commons/0/08/Casado_costarricense.png',1);
Insert into USUARIODONDEPAPA.PLATO (ID_PLATO,ID_CATEGORIA,DESCRIPCION,DETALLE,PRECIO,EXISTENCIAS,RUTA_IMAGEN,DISPONIBLE) values (18,6,'Chifrijo','Para los amantes de la combinación del chicharrón, frijoles y arroz, servido con el clásico oro verde y tortillitas para que amarre.',3500,10,'https://okdiario.com/img/2020/05/07/receta-de-costa-rica_-chifrijo-1.jpg',1);
Insert into USUARIODONDEPAPA.PLATO (ID_PLATO,ID_CATEGORIA,DESCRIPCION,DETALLE,PRECIO,EXISTENCIAS,RUTA_IMAGEN,DISPONIBLE) values (19,6,'Chicharrones','El sabor de Puriscal hasta tu mesa, servido con yuca frita y ensalada a lo tico.',3800,10,'https://www.cocinatis.com/archivos/202308/ctis1012-receta-chicharrones-de-cerdo-andaluces-1280x720x80xX.jpg',1);
Insert into USUARIODONDEPAPA.PLATO (ID_PLATO,ID_CATEGORIA,DESCRIPCION,DETALLE,PRECIO,EXISTENCIAS,RUTA_IMAGEN,DISPONIBLE) values (20,6,'Lengua en Salsa','Atrévete a probar nuestra suave lengua en salsa de tomate, calla hasta los más bocónes con su sabor.',4800,10,'https://www.recetascostarica.com/base/stock/Recipe/272-image/272-image_web.jpg',1);
Insert into USUARIODONDEPAPA.PLATO (ID_PLATO,ID_CATEGORIA,DESCRIPCION,DETALLE,PRECIO,EXISTENCIAS,RUTA_IMAGEN,DISPONIBLE) values (21,6,'Patitas de Cerdo','Patitas de cerdo con frijolitos blancos, plato lleno de puro sabor donde mi tata.',4000,10,'https://www.nutricienta.com/imagenes/alimentos/alimento-nutricienta-manitas-de-cerdo.jpg',1);
Insert into USUARIODONDEPAPA.PLATO (ID_PLATO,ID_CATEGORIA,DESCRIPCION,DETALLE,PRECIO,EXISTENCIAS,RUTA_IMAGEN,DISPONIBLE) values (22,6,'Patacones','Perfecto para quitarse esas ganas de comer a lo tico, nuestros patacones vienen con carne mechada, frijoles molidos y pico de gallo.',3700,10,'https://www.semana.com/resizer/D-Lcez1Rj4bSIUHKyMk9rwDRIMY=/1280x720/smart/filters:format(jpg):quality(80)/cloudfront-us-east-1.images.arcpublishing.com/semana/CUVSFJ3V5ZEWVLBJ76BASDV2PY.jpg',1);
Insert into USUARIODONDEPAPA.PLATO (ID_PLATO,ID_CATEGORIA,DESCRIPCION,DETALLE,PRECIO,EXISTENCIAS,RUTA_IMAGEN,DISPONIBLE) values (23,6,'Rice and Beans','Limón presente en el menú de papá, pollo en salsa caribeña con ensalada y maduros con el inigualable rice and beans.',4500,10,'https://www.allrecipes.com/thmb/YywjEMDfUzEtxUR_8i_B_4dd-7o=/1500x0/filters:no_upscale():max_bytes(150000):strip_icc()/211325-b6b1befbb1644f9b93e66eee74dbe07f.jpg',1);
Insert into USUARIODONDEPAPA.PLATO (ID_PLATO,ID_CATEGORIA,DESCRIPCION,DETALLE,PRECIO,EXISTENCIAS,RUTA_IMAGEN,DISPONIBLE) values (24,6,'Chilli Relleno','Relleno de carne molida, un excelente plato para el buen tico.',4200,10,'https://www.jennieo.com/wp-content/uploads/2019/11/image-recipe_turkey-and-spinach-chile-relleno-with-fresh-tomato-sauce.jpg',1);
Insert into USUARIODONDEPAPA.PLATO (ID_PLATO,ID_CATEGORIA,DESCRIPCION,DETALLE,PRECIO,EXISTENCIAS,RUTA_IMAGEN,DISPONIBLE) values (25,7,'Arroz con Carne','Arroz directo de la casa compuesto por una combinación perfecta de arroz y carne.',4000,10,'https://recetacubana.com/wp-content/uploads/2019/12/receta-Arroz-con-Carne-de-Cerdo.jpg',1);
Insert into USUARIODONDEPAPA.PLATO (ID_PLATO,ID_CATEGORIA,DESCRIPCION,DETALLE,PRECIO,EXISTENCIAS,RUTA_IMAGEN,DISPONIBLE) values (26,7,'Arroz con Pollo','Arroz con el pollo desmechado clásico, haciendo de este un plato típico delicioso.',3700,10,'https://img.bekiacocina.com/cocina/0000/179-h.jpg',1);
Insert into USUARIODONDEPAPA.PLATO (ID_PLATO,ID_CATEGORIA,DESCRIPCION,DETALLE,PRECIO,EXISTENCIAS,RUTA_IMAGEN,DISPONIBLE) values (27,7,'Arroz con Marinera','Elaborado con los mariscos más frescos seleccionados por papá.',4500,10,'https://www.elespectador.com/resizer/iSDLgK_Xt86uhsXCmvAN_Jp0Elk=/1200x675/filters:quality(60):format(jpeg)/cloudfront-us-east-1.images.arcpublishing.com/elespectador/QT2HQD77JJGDTIYXU4COEHGIRE.jpg',1);
Insert into USUARIODONDEPAPA.PLATO (ID_PLATO,ID_CATEGORIA,DESCRIPCION,DETALLE,PRECIO,EXISTENCIAS,RUTA_IMAGEN,DISPONIBLE) values (28,7,'Arroz con Camarones','Arroz con camarones de alta calidad para saciar los paladares hambrientos.',4500,10,'https://www.recetasnestle.com.ec/sites/default/files/srh_recipes/b5761ed0a862a8c3ae9980304cd22ded.jpg',1);
Insert into USUARIODONDEPAPA.PLATO (ID_PLATO,ID_CATEGORIA,DESCRIPCION,DETALLE,PRECIO,EXISTENCIAS,RUTA_IMAGEN,DISPONIBLE) values (29,9,'Pomodoro','Nuestra pasta en salsa de tomate con delicioso queso mozzarella.',3500,10,'https://supermancooks.com/wp-content/uploads/2023/03/pasta-pomodoro-featured.jpg',1);
Insert into USUARIODONDEPAPA.PLATO (ID_PLATO,ID_CATEGORIA,DESCRIPCION,DETALLE,PRECIO,EXISTENCIAS,RUTA_IMAGEN,DISPONIBLE) values (30,9,'Bolognese','Deliciosa pasta con queso mozzarella, salsa de tomate y carne molida.',3800,10,'https://feelgoodfoodie.net/wp-content/uploads/2023/04/Pasta-Bolognese-TIMG.jpg',1);
Insert into USUARIODONDEPAPA.PLATO (ID_PLATO,ID_CATEGORIA,DESCRIPCION,DETALLE,PRECIO,EXISTENCIAS,RUTA_IMAGEN,DISPONIBLE) values (31,9,'Marinera','Salsa de tomate o salsa blanca con mariscos o solo camarones.',4500,10,'https://newmansown.com/wp-content/uploads/2022/03/shrimp-marinara-with-pasta.png',1);
Insert into USUARIODONDEPAPA.PLATO (ID_PLATO,ID_CATEGORIA,DESCRIPCION,DETALLE,PRECIO,EXISTENCIAS,RUTA_IMAGEN,DISPONIBLE) values (32,9,'Alfredo','Pasta con jamón y hongos en salsa blanca.',4000,10,'https://images.aws.nestle.recipes/resized/cc72869fabfc2bdfa036fd1fe0e2bad8_creamy_alfredo_pasta_long_left_1080_850.jpg',1);
Insert into USUARIODONDEPAPA.PLATO (ID_PLATO,ID_CATEGORIA,DESCRIPCION,DETALLE,PRECIO,EXISTENCIAS,RUTA_IMAGEN,DISPONIBLE) values (33,8,'Filet de Corvina','Filet de corvina al grill, al ajillo o empanizado.',4800,10,'https://pronacatqma.com/images/com_yoorecipe/banner_superior/8264_1.jpg',1);
Insert into USUARIODONDEPAPA.PLATO (ID_PLATO,ID_CATEGORIA,DESCRIPCION,DETALLE,PRECIO,EXISTENCIAS,RUTA_IMAGEN,DISPONIBLE) values (35,8,'Pargo Entero','Pargo entero fresco para los que quieran recordar los días de playa.',5800,10,'https://d1uz88p17r663j.cloudfront.net/original/cd153cfbb9d153b1786c7d45adac52b2_Pargo-rojo-al-sarten.png',1);
Insert into USUARIODONDEPAPA.PLATO (ID_PLATO,ID_CATEGORIA,DESCRIPCION,DETALLE,PRECIO,EXISTENCIAS,RUTA_IMAGEN,DISPONIBLE) values (36,8,'Corvina Entera a la Caribeña','Nuestra especial corvina entera acompañada de salsa caribeña y camarones.',8700,10,'https://media-cdn.tripadvisor.com/media/photo-s/18/2f/ec/5f/corvina-entera-frita.jpg',1);
Insert into USUARIODONDEPAPA.PLATO (ID_PLATO,ID_CATEGORIA,DESCRIPCION,DETALLE,PRECIO,EXISTENCIAS,RUTA_IMAGEN,DISPONIBLE) values (37,8,'Camarones','Jugosos camarones empanizados o al ajillo para los fanáticos del mar.',4700,10,'https://cloudfront-us-east-1.images.arcpublishing.com/elespectador/WFY4CMXRGZD3TA2FXSRPU7UDOA.jpg',1);
Insert into USUARIODONDEPAPA.PLATO (ID_PLATO,ID_CATEGORIA,DESCRIPCION,DETALLE,PRECIO,EXISTENCIAS,RUTA_IMAGEN,DISPONIBLE) values (38,8,'Mariscada','Mix de mariscos frescos cocinados al ajillo creando un platillo colorido.',4500,10,'https://imag.bonviveur.com/mariscada-gallega.jpg',1);
Insert into USUARIODONDEPAPA.PLATO (ID_PLATO,ID_CATEGORIA,DESCRIPCION,DETALLE,PRECIO,EXISTENCIAS,RUTA_IMAGEN,DISPONIBLE) values (39,8,'Mejillones','Mejillones noruegos al ajillo seleccionados por papá.',4800,10,'https://coyomar.es/wp-content/uploads/2022/06/Como-cocer-mejillones-1024x768.jpg',1);
Insert into USUARIODONDEPAPA.PLATO (ID_PLATO,ID_CATEGORIA,DESCRIPCION,DETALLE,PRECIO,EXISTENCIAS,RUTA_IMAGEN,DISPONIBLE) values (40,10,'Pollo al Grill','Nuestro especial pollo, tratado por la mano de nuestros chefs, a la parrilla.',4000,10,'https://storage.googleapis.com/fitia-api-bucket/media/images/recipe_images/1006680.jpg',1);
Insert into USUARIODONDEPAPA.PLATO (ID_PLATO,ID_CATEGORIA,DESCRIPCION,DETALLE,PRECIO,EXISTENCIAS,RUTA_IMAGEN,DISPONIBLE) values (41,10,'Pollo a la Jalapeña','Pollo parrillero con ganas de más fuego, bañado en nuestra salsa especial de jalapeños.',4500,10,'https://i.ytimg.com/vi/ChLkloORDfU/maxresdefault.jpg',1);
Insert into USUARIODONDEPAPA.PLATO (ID_PLATO,ID_CATEGORIA,DESCRIPCION,DETALLE,PRECIO,EXISTENCIAS,RUTA_IMAGEN,DISPONIBLE) values (42,10,'Pollo Cordon Bleu','Nuestro pollo en un platillo fabuloso, cordon bleu bañado en salsa blanca.',4000,10,'https://i.ytimg.com/vi/i2fwv6beoT8/maxresdefault.jpg',1);
Insert into USUARIODONDEPAPA.PLATO (ID_PLATO,ID_CATEGORIA,DESCRIPCION,DETALLE,PRECIO,EXISTENCIAS,RUTA_IMAGEN,DISPONIBLE) values (43,11,'Hamburguesa Donde Papá','Exquisita hamburguesa de papá, pulled pork BBQ, pepinillos, bacon, aros de cebolla.',4800,10,'https://delination.com/wp-content/uploads/2022/11/Hamburguesa-casera-de-res-con-papas-850x550.jpeg',1);
Insert into USUARIODONDEPAPA.PLATO (ID_PLATO,ID_CATEGORIA,DESCRIPCION,DETALLE,PRECIO,EXISTENCIAS,RUTA_IMAGEN,DISPONIBLE) values (44,11,'Hamburguesa de Pollo','Una de las mejores hamburguesas para los fans del pollo a la parrilla.',4500,10,'https://www.comedera.com/wp-content/uploads/2023/07/Hamburguesa-de-pollo-picante.jpg',1);
Insert into USUARIODONDEPAPA.PLATO (ID_PLATO,ID_CATEGORIA,DESCRIPCION,DETALLE,PRECIO,EXISTENCIAS,RUTA_IMAGEN,DISPONIBLE) values (45,11,'Hamburguesa con Queso','Hamburguesa con queso de papá, para saborear a gusto.',3500,10,'https://pronacatqma.com/images/com_yoorecipe/banner_superior/18096_1.jpg',1);
Insert into USUARIODONDEPAPA.PLATO (ID_PLATO,ID_CATEGORIA,DESCRIPCION,DETALLE,PRECIO,EXISTENCIAS,RUTA_IMAGEN,DISPONIBLE) values (46,11,'Hamburguesa de Pescado','Hamburguesa de pescado con salsa tártara, lechuga y queso amarillo, solo... donde papá.',4200,10,'https://editorialtelevisa.brightspotcdn.com/wp-content/uploads/2020/03/recetas-con-filete-de-pescado-fa%25CC%2581ciles-hamburguesa.jpg',1);
Insert into USUARIODONDEPAPA.PLATO (ID_PLATO,ID_CATEGORIA,DESCRIPCION,DETALLE,PRECIO,EXISTENCIAS,RUTA_IMAGEN,DISPONIBLE) values (47,14,'Costillas','Costilla de cerdo cocinada especialmente 3 horas por nuestros chefs.',4800,10,'https://t1.uc.ltmcdn.com/es/posts/3/9/5/como_hacer_costillas_bbq_en_sarten_50593_orig.jpg',1);
Insert into USUARIODONDEPAPA.PLATO (ID_PLATO,ID_CATEGORIA,DESCRIPCION,DETALLE,PRECIO,EXISTENCIAS,RUTA_IMAGEN,DISPONIBLE) values (48,12,'Churrasco ','Este delicioso corte proviene de la falda de la res, cortado transversalmente, tratado por papá.',5800,10,'https://cdn0.recetasgratis.net/es/posts/2/3/1/churrasco_a_lo_pobre_77132_orig.jpg',1);
Insert into USUARIODONDEPAPA.PLATO (ID_PLATO,ID_CATEGORIA,DESCRIPCION,DETALLE,PRECIO,EXISTENCIAS,RUTA_IMAGEN,DISPONIBLE) values (49,12,'Churrasco a la Jalapeña ','Churrasco en nuestra salsa especial a la jalapeña para darle su perfecto toque picante.',6500,10,'https://media-cdn.tripadvisor.com/media/photo-m/1280/29/75/59/9e/churrasco-tipico.jpg',1);
Insert into USUARIODONDEPAPA.PLATO (ID_PLATO,ID_CATEGORIA,DESCRIPCION,DETALLE,PRECIO,EXISTENCIAS,RUTA_IMAGEN,DISPONIBLE) values (50,12,'Lomito ','Destacado por su suavidad natural, este corte de características jugosas puede saciar a cualquiera.',6200,10,'https://www.clarin.com/2021/07/26/u-aUfp64d_1200x0__1.jpg',1);
Insert into USUARIODONDEPAPA.PLATO (ID_PLATO,ID_CATEGORIA,DESCRIPCION,DETALLE,PRECIO,EXISTENCIAS,RUTA_IMAGEN,DISPONIBLE) values (51,12,'Lomito a la jalapeña','Para aquellos que quieran probar la parrilla de papá, el suave lomito en combinación con nuestro toque a la jalapeña.',6800,10,'https://media-cdn.tripadvisor.com/media/photo-s/11/0c/bc/c4/puntas-de-lomito-a-la.jpg',1);
Insert into USUARIODONDEPAPA.PLATO (ID_PLATO,ID_CATEGORIA,DESCRIPCION,DETALLE,PRECIO,EXISTENCIAS,RUTA_IMAGEN,DISPONIBLE) values (52,13,'Puré','Suave y cremoso puré de papas, hecho con papas seleccionadas y un toque de mantequilla, ideal para complementar cualquier plato principal. Servido caliente',1000,10,'https://images.aws.nestle.recipes/original/892d65cba81876ed7c340ae9ce7663d3_DCS_MARZO_INSTAGRAM-04.jpg',1);
Insert into USUARIODONDEPAPA.PLATO (ID_PLATO,ID_CATEGORIA,DESCRIPCION,DETALLE,PRECIO,EXISTENCIAS,RUTA_IMAGEN,DISPONIBLE) values (53,13,'Vegetales','Mix de vegetales de temporada, cocidos al vapor para preservar su frescura y sabor natural. Una opción saludable y colorida.',1000,10,'https://cdn.aarp.net/content/aarpe/es/home/salud/vida-saludable/info-2023/comer-vegetales-verduras-crudos-o-cocidos/_jcr_content/root/container_main/container_body_main/container_body1/container_body_cf/container_image/articlecontentfragment/cfimage.coreimg.50.932.jpeg/content/dam/aarp/health/healthy-living/2023/07/1140-colorfulrawveggies-esp.jpg',1);
Insert into USUARIODONDEPAPA.PLATO (ID_PLATO,ID_CATEGORIA,DESCRIPCION,DETALLE,PRECIO,EXISTENCIAS,RUTA_IMAGEN,DISPONIBLE) values (54,13,'Papas asadas','Papas asadas hasta lograr una piel crujiente y un interior suave, sazonadas con hierbas finas y un toque de aceite de oliva.',1000,10,'https://www.gourmet.cl/wp-content/uploads/2014/09/Papas-Asadas.jpg',1);
Insert into USUARIODONDEPAPA.PLATO (ID_PLATO,ID_CATEGORIA,DESCRIPCION,DETALLE,PRECIO,EXISTENCIAS,RUTA_IMAGEN,DISPONIBLE) values (55,13,'Arroz','Arroz blanco esponjoso, cocido a la perfección, un básico indispensable para acompañar una variedad de platos.',1000,10,'https://assets.tmecosys.com/image/upload/t_web767x639/img/recipe/ras/Assets/05bab5cb-f8b6-487d-a509-f38031ea2708/Derivates/142b07d0-cedc-44f8-8569-e0222afab308.jpg',1);
Insert into USUARIODONDEPAPA.PLATO (ID_PLATO,ID_CATEGORIA,DESCRIPCION,DETALLE,PRECIO,EXISTENCIAS,RUTA_IMAGEN,DISPONIBLE) values (56,13,'Papas fritas','Papas fritas doradas y crujientes, cortadas a mano y fritas en aceite de alta calidad, con un toque de sal marina para realzar su sabor.',1000,10,'https://phantom-marca.unidadeditorial.es/813d16708dc72860fd3cf319c9a245b5/resize/828/f/jpg/assets/multimedia/imagenes/2023/08/04/16911461030527.jpg',1);
Insert into USUARIODONDEPAPA.PLATO (ID_PLATO,ID_CATEGORIA,DESCRIPCION,DETALLE,PRECIO,EXISTENCIAS,RUTA_IMAGEN,DISPONIBLE) values (57,15,'Yuca Frita','Yuqitas a lo tico, fritas apenas para un gusto.',1800,10,'https://mexicanappetizersandmore.com/wp-content/uploads/Yuca-Frita-1-12.jpg',1);
Insert into USUARIODONDEPAPA.PLATO (ID_PLATO,ID_CATEGORIA,DESCRIPCION,DETALLE,PRECIO,EXISTENCIAS,RUTA_IMAGEN,DISPONIBLE) values (58,15,'Patacones','Patacones clásicos con frijoles molidos y pico de gallo.',1800,10,'https://images.hola.com/imagenes/cocina/recetas/20200320163599/receta-patacones-platano/0-800-862/patacones-adobe-m.jpg',1);
Insert into USUARIODONDEPAPA.PLATO (ID_PLATO,ID_CATEGORIA,DESCRIPCION,DETALLE,PRECIO,EXISTENCIAS,RUTA_IMAGEN,DISPONIBLE) values (59,15,'Aros de Cebolla','Aros de cebolla crujientes por fuera y por dentro!',2200,10,'https://images.hola.com/imagenes/cocina/recetas/20220209204312/aros-cebolla-crujientes/1-49-243/aros-cebolla-adobe-t.jpg',1);
Insert into USUARIODONDEPAPA.PLATO (ID_PLATO,ID_CATEGORIA,DESCRIPCION,DETALLE,PRECIO,EXISTENCIAS,RUTA_IMAGEN,DISPONIBLE) values (60,15,'Papas Gajo','El estilo de papas favoritas de papá, pide las que quieres.',2200,10,'https://www.paulinacocina.net/wp-content/uploads/2023/11/receta-de-papas-gajo-Paulina-Cocina-Recetas.jpg',1);
Insert into USUARIODONDEPAPA.PLATO (ID_PLATO,ID_CATEGORIA,DESCRIPCION,DETALLE,PRECIO,EXISTENCIAS,RUTA_IMAGEN,DISPONIBLE) values (61,15,'Papas Francesas','Papas fritas apenas para acompañar tu comida.',1800,10,'https://www.paulinacocina.net/wp-content/uploads/2015/08/P1140112-e1439267676931.jpg',1);
Insert into USUARIODONDEPAPA.PLATO (ID_PLATO,ID_CATEGORIA,DESCRIPCION,DETALLE,PRECIO,EXISTENCIAS,RUTA_IMAGEN,DISPONIBLE) values (62,15,'Palitos de Queso','Palitos de queso mozzarella, de la mejor compañía que puedas tener.',2200,10,'https://mandolina.co/wp-content/uploads/2023/06/deditos-de-queso-1200x900.png',1);
Insert into USUARIODONDEPAPA.PLATO (ID_PLATO,ID_CATEGORIA,DESCRIPCION,DETALLE,PRECIO,EXISTENCIAS,RUTA_IMAGEN,DISPONIBLE) values (63,17,'Gallos de salchichón','Deliciosos gallos de salchichón.',2000,10,'https://tortiricascentroamerica.com/wp-content/uploads/2016/01/receta-tortiricas-gallitos-faciles.png',1);
Insert into USUARIODONDEPAPA.PLATO (ID_PLATO,ID_CATEGORIA,DESCRIPCION,DETALLE,PRECIO,EXISTENCIAS,RUTA_IMAGEN,DISPONIBLE) values (64,17,'Gallos de Chorizo','Deliciosos gallos de chorizo.',2000,10,'https://cloudfront-us-east-1.images.arcpublishing.com/gruponacion/QZ7BD6VNOVFFPDH7VAWWQTRFTY.jpg',1);
Insert into USUARIODONDEPAPA.PLATO (ID_PLATO,ID_CATEGORIA,DESCRIPCION,DETALLE,PRECIO,EXISTENCIAS,RUTA_IMAGEN,DISPONIBLE) values (65,17,'Tacos ','Deliciosos tacos.',2000,10,'https://www.comedera.com/wp-content/uploads/2017/08/tacos-al-pastor-receta.jpg',1);
Insert into USUARIODONDEPAPA.PLATO (ID_PLATO,ID_CATEGORIA,DESCRIPCION,DETALLE,PRECIO,EXISTENCIAS,RUTA_IMAGEN,DISPONIBLE) values (66,17,'Tacos de Camaron','Deliciosos tacos de camaron.',2700,10,'https://t2.uc.ltmcdn.com/es/posts/2/8/1/como_hacer_tacos_de_camaron_enchilado_51182_orig.jpg',1);
REM INSERTING into USUARIODONDEPAPA.RESERVACION
SET DEFINE OFF;
Insert into USUARIODONDEPAPA.RESERVACION (ID_RESERVACION,NOMBRE,HORA,NUMERO_DE_MESA,CONTACTO) values (1,'Juan',to_timestamp('01-JUL-24 02.30.00.000000000 PM','DD-MON-RR HH.MI.SSXFF AM'),1,'88269654');
Insert into USUARIODONDEPAPA.RESERVACION (ID_RESERVACION,NOMBRE,HORA,NUMERO_DE_MESA,CONTACTO) values (2,'María',to_timestamp('01-JUL-24 01.00.00.000000000 PM','DD-MON-RR HH.MI.SSXFF AM'),2,'88269655');
Insert into USUARIODONDEPAPA.RESERVACION (ID_RESERVACION,NOMBRE,HORA,NUMERO_DE_MESA,CONTACTO) values (3,'José',to_timestamp('01-JUL-24 08.00.00.000000000 PM','DD-MON-RR HH.MI.SSXFF AM'),3,'88269656');
REM INSERTING into USUARIODONDEPAPA.ROL
SET DEFINE OFF;
Insert into USUARIODONDEPAPA.ROL (ID_ROL,NOMBRE,ID_USUARIO) values (1,'ROLE_ADMIN',1);
Insert into USUARIODONDEPAPA.ROL (ID_ROL,NOMBRE,ID_USUARIO) values (2,'ROLE_VENDEDOR',2);
Insert into USUARIODONDEPAPA.ROL (ID_ROL,NOMBRE,ID_USUARIO) values (3,'ROLE_USER',3);
REM INSERTING into USUARIODONDEPAPA.TRANSACCIONES
SET DEFINE OFF;
REM INSERTING into USUARIODONDEPAPA.USUARIO
SET DEFINE OFF;
Insert into USUARIODONDEPAPA.USUARIO (ID_USUARIO,USERNAME,PASSWORD,NOMBRE,APELLIDOS,CORREO,TELEFONO,RUTA_IMAGEN,ACTIVO) values (1,'juan','$2a$12$W4oCQ9n6/0o2IxO68Xt//uPomFp16eopj.VXH/iT5XiCFg0gbZvO6','Juan','Castro Mora','jcastro@gmail.com','4556-8978','https://img.freepik.com/foto-gratis/chico-guapo-seguro-posando-contra-pared-blanca_176420-32936.jpg',1);
Insert into USUARIODONDEPAPA.USUARIO (ID_USUARIO,USERNAME,PASSWORD,NOMBRE,APELLIDOS,CORREO,TELEFONO,RUTA_IMAGEN,ACTIVO) values (2,'lafit','$2a$12$6zJwkPNTBtDJvegAlSxXSOe.0M.0O.ESkt0n7coxI6DVJEd/S1Bfq','Chuty','Villalobos','chutyvillalobos@gmail.com','5456-8789','https://pbs.twimg.com/media/EahiQBxX0AEud1m.jpg',1);
Insert into USUARIODONDEPAPA.USUARIO (ID_USUARIO,USERNAME,PASSWORD,NOMBRE,APELLIDOS,CORREO,TELEFONO,RUTA_IMAGEN,ACTIVO) values (3,'allan','$2a$12$h91ixCEno/UY.tippW8pCOawpTvpnHV3D16EzK1w4NToiWXUvVVj2','Allan','Allan Loria','allanlafit@gmail.com','7898-8936','https://www.diarioextra.com/files/Dnews/images/detail/500526_allanvillalobos.jpg',1);
REM INSERTING into USUARIODONDEPAPA.VENTA
SET DEFINE OFF;
Insert into USUARIODONDEPAPA.VENTA (ID_VENTA,ID_FACTURA,ID_PLATO,PRECIO,CANTIDAD) values (1,1,5,45000,3);
Insert into USUARIODONDEPAPA.VENTA (ID_VENTA,ID_FACTURA,ID_PLATO,PRECIO,CANTIDAD) values (2,2,9,15780,2);
Insert into USUARIODONDEPAPA.VENTA (ID_VENTA,ID_FACTURA,ID_PLATO,PRECIO,CANTIDAD) values (3,3,10,15000,3);
Insert into USUARIODONDEPAPA.VENTA (ID_VENTA,ID_FACTURA,ID_PLATO,PRECIO,CANTIDAD) values (4,1,2,45000,1);
Insert into USUARIODONDEPAPA.VENTA (ID_VENTA,ID_FACTURA,ID_PLATO,PRECIO,CANTIDAD) values (5,2,14,154000,3);
Insert into USUARIODONDEPAPA.VENTA (ID_VENTA,ID_FACTURA,ID_PLATO,PRECIO,CANTIDAD) values (6,2,9,15780,3);
Insert into USUARIODONDEPAPA.VENTA (ID_VENTA,ID_FACTURA,ID_PLATO,PRECIO,CANTIDAD) values (7,3,14,154000,1);
Insert into USUARIODONDEPAPA.VENTA (ID_VENTA,ID_FACTURA,ID_PLATO,PRECIO,CANTIDAD) values (8,3,6,57000,1);
Insert into USUARIODONDEPAPA.VENTA (ID_VENTA,ID_FACTURA,ID_PLATO,PRECIO,CANTIDAD) values (9,3,15,330000,2);
Insert into USUARIODONDEPAPA.VENTA (ID_VENTA,ID_FACTURA,ID_PLATO,PRECIO,CANTIDAD) values (10,1,6,57000,2);
Insert into USUARIODONDEPAPA.VENTA (ID_VENTA,ID_FACTURA,ID_PLATO,PRECIO,CANTIDAD) values (11,1,8,27600,3);
Insert into USUARIODONDEPAPA.VENTA (ID_VENTA,ID_FACTURA,ID_PLATO,PRECIO,CANTIDAD) values (12,1,9,15780,3);
Insert into USUARIODONDEPAPA.VENTA (ID_VENTA,ID_FACTURA,ID_PLATO,PRECIO,CANTIDAD) values (13,2,8,27600,3);
Insert into USUARIODONDEPAPA.VENTA (ID_VENTA,ID_FACTURA,ID_PLATO,PRECIO,CANTIDAD) values (14,2,14,154000,2);
Insert into USUARIODONDEPAPA.VENTA (ID_VENTA,ID_FACTURA,ID_PLATO,PRECIO,CANTIDAD) values (15,2,3,24000,1);
Insert into USUARIODONDEPAPA.VENTA (ID_VENTA,ID_FACTURA,ID_PLATO,PRECIO,CANTIDAD) values (16,3,15,330000,1);
Insert into USUARIODONDEPAPA.VENTA (ID_VENTA,ID_FACTURA,ID_PLATO,PRECIO,CANTIDAD) values (17,3,12,45000,1);
Insert into USUARIODONDEPAPA.VENTA (ID_VENTA,ID_FACTURA,ID_PLATO,PRECIO,CANTIDAD) values (18,3,10,15000,3);
--------------------------------------------------------
--  Constraints for Table PLATO
--------------------------------------------------------

  ALTER TABLE "USUARIODONDEPAPA"."PLATO" MODIFY ("ID_PLATO" NOT NULL ENABLE);
  ALTER TABLE "USUARIODONDEPAPA"."PLATO" MODIFY ("ID_CATEGORIA" NOT NULL ENABLE);
  ALTER TABLE "USUARIODONDEPAPA"."PLATO" MODIFY ("DESCRIPCION" NOT NULL ENABLE);
  ALTER TABLE "USUARIODONDEPAPA"."PLATO" MODIFY ("DETALLE" NOT NULL ENABLE);
  ALTER TABLE "USUARIODONDEPAPA"."PLATO" MODIFY ("EXISTENCIAS" NOT NULL ENABLE);
  ALTER TABLE "USUARIODONDEPAPA"."PLATO" ADD PRIMARY KEY ("ID_PLATO")
  USING INDEX PCTFREE 10 INITRANS 2 MAXTRANS 255 COMPUTE STATISTICS 
  STORAGE(INITIAL 65536 NEXT 1048576 MINEXTENTS 1 MAXEXTENTS 2147483645
  PCTINCREASE 0 FREELISTS 1 FREELIST GROUPS 1
  BUFFER_POOL DEFAULT FLASH_CACHE DEFAULT CELL_FLASH_CACHE DEFAULT)
  TABLESPACE "USERS"  ENABLE;
--------------------------------------------------------
--  Constraints for Table TRANSACCIONES
--------------------------------------------------------

  ALTER TABLE "USUARIODONDEPAPA"."TRANSACCIONES" MODIFY ("ID_TRANSACCION" NOT NULL ENABLE);
  ALTER TABLE "USUARIODONDEPAPA"."TRANSACCIONES" MODIFY ("ID_USUARIO" NOT NULL ENABLE);
  ALTER TABLE "USUARIODONDEPAPA"."TRANSACCIONES" ADD PRIMARY KEY ("ID_TRANSACCION")
  USING INDEX PCTFREE 10 INITRANS 2 MAXTRANS 255 COMPUTE STATISTICS 
  TABLESPACE "USERS"  ENABLE;
--------------------------------------------------------
--  Constraints for Table FACTURA
--------------------------------------------------------

  ALTER TABLE "USUARIODONDEPAPA"."FACTURA" MODIFY ("ID_FACTURA" NOT NULL ENABLE);
  ALTER TABLE "USUARIODONDEPAPA"."FACTURA" MODIFY ("ID_USUARIO" NOT NULL ENABLE);
  ALTER TABLE "USUARIODONDEPAPA"."FACTURA" ADD PRIMARY KEY ("ID_FACTURA")
  USING INDEX PCTFREE 10 INITRANS 2 MAXTRANS 255 COMPUTE STATISTICS 
  STORAGE(INITIAL 65536 NEXT 1048576 MINEXTENTS 1 MAXEXTENTS 2147483645
  PCTINCREASE 0 FREELISTS 1 FREELIST GROUPS 1
  BUFFER_POOL DEFAULT FLASH_CACHE DEFAULT CELL_FLASH_CACHE DEFAULT)
  TABLESPACE "USERS"  ENABLE;
--------------------------------------------------------
--  Constraints for Table CATEGORIA
--------------------------------------------------------

  ALTER TABLE "USUARIODONDEPAPA"."CATEGORIA" MODIFY ("ID_CATEGORIA" NOT NULL ENABLE);
  ALTER TABLE "USUARIODONDEPAPA"."CATEGORIA" ADD PRIMARY KEY ("ID_CATEGORIA")
  USING INDEX PCTFREE 10 INITRANS 2 MAXTRANS 255 COMPUTE STATISTICS 
  STORAGE(INITIAL 65536 NEXT 1048576 MINEXTENTS 1 MAXEXTENTS 2147483645
  PCTINCREASE 0 FREELISTS 1 FREELIST GROUPS 1
  BUFFER_POOL DEFAULT FLASH_CACHE DEFAULT CELL_FLASH_CACHE DEFAULT)
  TABLESPACE "USERS"  ENABLE;
--------------------------------------------------------
--  Constraints for Table ROL
--------------------------------------------------------

  ALTER TABLE "USUARIODONDEPAPA"."ROL" MODIFY ("ID_ROL" NOT NULL ENABLE);
  ALTER TABLE "USUARIODONDEPAPA"."ROL" ADD PRIMARY KEY ("ID_ROL")
  USING INDEX PCTFREE 10 INITRANS 2 MAXTRANS 255 COMPUTE STATISTICS 
  STORAGE(INITIAL 65536 NEXT 1048576 MINEXTENTS 1 MAXEXTENTS 2147483645
  PCTINCREASE 0 FREELISTS 1 FREELIST GROUPS 1
  BUFFER_POOL DEFAULT FLASH_CACHE DEFAULT CELL_FLASH_CACHE DEFAULT)
  TABLESPACE "USERS"  ENABLE;
--------------------------------------------------------
--  Constraints for Table VENTA
--------------------------------------------------------

  ALTER TABLE "USUARIODONDEPAPA"."VENTA" MODIFY ("ID_VENTA" NOT NULL ENABLE);
  ALTER TABLE "USUARIODONDEPAPA"."VENTA" MODIFY ("ID_FACTURA" NOT NULL ENABLE);
  ALTER TABLE "USUARIODONDEPAPA"."VENTA" MODIFY ("ID_PLATO" NOT NULL ENABLE);
  ALTER TABLE "USUARIODONDEPAPA"."VENTA" ADD PRIMARY KEY ("ID_VENTA")
  USING INDEX PCTFREE 10 INITRANS 2 MAXTRANS 255 COMPUTE STATISTICS 
  STORAGE(INITIAL 65536 NEXT 1048576 MINEXTENTS 1 MAXEXTENTS 2147483645
  PCTINCREASE 0 FREELISTS 1 FREELIST GROUPS 1
  BUFFER_POOL DEFAULT FLASH_CACHE DEFAULT CELL_FLASH_CACHE DEFAULT)
  TABLESPACE "USERS"  ENABLE;
--------------------------------------------------------
--  Constraints for Table RESERVACION
--------------------------------------------------------

  ALTER TABLE "USUARIODONDEPAPA"."RESERVACION" MODIFY ("ID_RESERVACION" NOT NULL ENABLE);
  ALTER TABLE "USUARIODONDEPAPA"."RESERVACION" ADD PRIMARY KEY ("ID_RESERVACION")
  USING INDEX PCTFREE 10 INITRANS 2 MAXTRANS 255 COMPUTE STATISTICS 
  STORAGE(INITIAL 65536 NEXT 1048576 MINEXTENTS 1 MAXEXTENTS 2147483645
  PCTINCREASE 0 FREELISTS 1 FREELIST GROUPS 1
  BUFFER_POOL DEFAULT FLASH_CACHE DEFAULT CELL_FLASH_CACHE DEFAULT)
  TABLESPACE "USERS"  ENABLE;
--------------------------------------------------------
--  Constraints for Table USUARIO
--------------------------------------------------------

  ALTER TABLE "USUARIODONDEPAPA"."USUARIO" MODIFY ("ID_USUARIO" NOT NULL ENABLE);
  ALTER TABLE "USUARIODONDEPAPA"."USUARIO" MODIFY ("USERNAME" NOT NULL ENABLE);
  ALTER TABLE "USUARIODONDEPAPA"."USUARIO" MODIFY ("PASSWORD" NOT NULL ENABLE);
  ALTER TABLE "USUARIODONDEPAPA"."USUARIO" MODIFY ("NOMBRE" NOT NULL ENABLE);
  ALTER TABLE "USUARIODONDEPAPA"."USUARIO" MODIFY ("APELLIDOS" NOT NULL ENABLE);
  ALTER TABLE "USUARIODONDEPAPA"."USUARIO" ADD PRIMARY KEY ("ID_USUARIO")
  USING INDEX PCTFREE 10 INITRANS 2 MAXTRANS 255 COMPUTE STATISTICS 
  STORAGE(INITIAL 65536 NEXT 1048576 MINEXTENTS 1 MAXEXTENTS 2147483645
  PCTINCREASE 0 FREELISTS 1 FREELIST GROUPS 1
  BUFFER_POOL DEFAULT FLASH_CACHE DEFAULT CELL_FLASH_CACHE DEFAULT)
  TABLESPACE "USERS"  ENABLE;
--------------------------------------------------------
--  Ref Constraints for Table FACTURA
--------------------------------------------------------

  ALTER TABLE "USUARIODONDEPAPA"."FACTURA" ADD CONSTRAINT "FK_FACTURA_USUARIO" FOREIGN KEY ("ID_USUARIO")
	  REFERENCES "USUARIODONDEPAPA"."USUARIO" ("ID_USUARIO") ENABLE;
--------------------------------------------------------
--  Ref Constraints for Table PLATO
--------------------------------------------------------

  ALTER TABLE "USUARIODONDEPAPA"."PLATO" ADD CONSTRAINT "FK_PRODUCTO_CATEGORIA" FOREIGN KEY ("ID_CATEGORIA")
	  REFERENCES "USUARIODONDEPAPA"."CATEGORIA" ("ID_CATEGORIA") ENABLE;
--------------------------------------------------------
--  Ref Constraints for Table ROL
--------------------------------------------------------

  ALTER TABLE "USUARIODONDEPAPA"."ROL" ADD CONSTRAINT "FK_ROL_USUARIO" FOREIGN KEY ("ID_USUARIO")
	  REFERENCES "USUARIODONDEPAPA"."USUARIO" ("ID_USUARIO") ENABLE;
--------------------------------------------------------
--  Ref Constraints for Table TRANSACCIONES
--------------------------------------------------------

  ALTER TABLE "USUARIODONDEPAPA"."TRANSACCIONES" ADD CONSTRAINT "FK_TRANSACCIONES_USUARIO" FOREIGN KEY ("ID_USUARIO")
	  REFERENCES "USUARIODONDEPAPA"."USUARIO" ("ID_USUARIO") ENABLE;
--------------------------------------------------------
--  Ref Constraints for Table VENTA
--------------------------------------------------------

  ALTER TABLE "USUARIODONDEPAPA"."VENTA" ADD CONSTRAINT "FK_VENTAS_FACTURA" FOREIGN KEY ("ID_FACTURA")
	  REFERENCES "USUARIODONDEPAPA"."FACTURA" ("ID_FACTURA") ENABLE;
  ALTER TABLE "USUARIODONDEPAPA"."VENTA" ADD CONSTRAINT "FK_VENTAS_PLATO" FOREIGN KEY ("ID_PLATO")
	  REFERENCES "USUARIODONDEPAPA"."PLATO" ("ID_PLATO") ENABLE;
